source,target,weight,similarity
품질,서비스,1.9387651979923248,0.194
품질,개선,2.562471330165863,0.256
불만,개선,1.376170665025711,0.138
불만,만족,2.3781947791576385,0.238
개선,만족,2.551574409008026,0.255
