keywords,community,centrality
인터넷,0,0.9999999999999999
방법,0,0.9999999999999999
데이터,0,0.9923664122137404
가입,0,0.9923664122137404
얼마나,0,0.9923664122137404
확인,1,0.9694656488549618
상품,1,0.9541984732824428
보충,1,0.9541984732824428
가격,1,0.9541984732824428
추천,1,0.9541984732824428
